{"percentages": [0.1, 0.2, 0.3, 0.4, 0.5, 0.7, 0.9], "base_methods": ["ig"], "modifiers": ["base", "sg", "sq", "var"], "dataset": "cifar10", "imputations": ["telea"], "orders": ["morf"], "telea": {"ig": {"base": {"morf": {"0.1": [0.6888999938964844, 0.6891000270843506, 0.6891000270843506, 0.6891000270843506, 0.6895999908447266], "0.2": [0.6190999746322632, 0.6189000010490417, 0.6184999942779541, 0.6190999746322632, 0.6183000206947327], "0.3": [0.5681999921798706, 0.5676000118255615, 0.5684999823570251, 0.5680000185966492, 0.5687000155448914], "0.4": [0.527899980545044, 0.5286999940872192, 0.5286999940872192, 0.5278000235557556, 0.5277000069618225], "0.5": [0.5005000233650208, 0.5001999735832214, 0.49869999289512634, 0.5004000067710876, 0.4997999966144562], "0.7": [0.43950000405311584, 0.439300000667572, 0.44029998779296875, 0.4392000138759613, 0.4390999972820282], "0.9": [0.3174999952316284, 0.3172000050544739, 0.3167000114917755, 0.3174000084400177, 0.31700000166893005]}}, "sg": {"morf": {"0.1": [0.6392999887466431, 0.6395000219345093, 0.6392999887466431, 0.6399000287055969, 0.6395000219345093], "0.2": [0.5509999990463257, 0.5507000088691711, 0.5504000186920166, 0.5503000020980835, 0.5501000285148621], "0.3": [0.49410000443458557, 0.49459999799728394, 0.4943000078201294, 0.49470001459121704, 0.4943999946117401], "0.4": [0.4546999931335449, 0.4544999897480011, 0.45570001006126404, 0.45500001311302185, 0.454800009727478], "0.5": [0.4259999990463257, 0.42570000886917114, 0.42570000886917114, 0.42500001192092896, 0.42590001225471497], "0.7": [0.37880000472068787, 0.3765000104904175, 0.37610000371932983, 0.3767000138759613, 0.37709999084472656], "0.9": [0.2770000100135803, 0.27720001339912415, 0.27730000019073486, 0.2766000032424927, 0.2768999934196472]}}, "sq": {"morf": {"0.1": [0.7293000221252441, 0.7293000221252441, 0.7293999791145325, 0.7293999791145325, 0.7293000221252441], "0.2": [0.65829998254776, 0.6585999727249146, 0.6583999991416931, 0.6586999893188477, 0.65829998254776], "0.3": [0.5785999894142151, 0.5795000195503235, 0.5784000158309937, 0.5796999931335449, 0.5787000060081482], "0.4": [0.489300012588501, 0.4887000024318695, 0.48829999566078186, 0.4878000020980835, 0.4894999861717224], "0.5": [0.4077000021934509, 0.4075999855995178, 0.40639999508857727, 0.40779998898506165, 0.40709999203681946], "0.7": [0.2854999899864197, 0.2847999930381775, 0.2865000069141388, 0.28610000014305115, 0.28450000286102295], "0.9": [0.20900000631809235, 0.20999999344348907, 0.2087000012397766, 0.2079000025987625, 0.21070000529289246]}}, "var": {"morf": {"0.1": [0.7318000197410583, 0.7322999835014343, 0.7318999767303467, 0.732200026512146, 0.7322999835014343], "0.2": [0.6488999724388123, 0.6486999988555908, 0.6492000222206116, 0.6486999988555908, 0.6486999988555908], "0.3": [0.5598000288009644, 0.5609999895095825, 0.5616999864578247, 0.5615000128746033, 0.5608000159263611], "0.4": [0.4740000069141388, 0.47290000319480896, 0.4729999899864197, 0.4747999906539917, 0.4733000099658966], "0.5": [0.38760000467300415, 0.3882000148296356, 0.3882000148296356, 0.3878999948501587, 0.3889000117778778], "0.7": [0.26980000734329224, 0.26910001039505005, 0.2678999900817871, 0.2678000032901764, 0.2689000070095062], "0.9": [0.21289999783039093, 0.2142000049352646, 0.21240000426769257, 0.21289999783039093, 0.21220000088214874]}}}}}