{"percentages": [0.1, 0.2, 0.3, 0.4, 0.5, 0.7, 0.9], "base_methods": ["ig"], "modifiers": ["base", "sg", "sq", "var"], "dataset": "cifar10", "imputations": ["telea"], "orders": ["lerf"], "telea": {"ig": {"base": {"lerf": {"0.1": [0.48159998655319214, 0.4814999997615814, 0.48159998655319214, 0.48249998688697815, 0.4823000133037567], "0.2": [0.6636999845504761, 0.663100004196167, 0.6639999747276306, 0.6635000109672546, 0.6638000011444092], "0.3": [0.7436000108718872, 0.7430999875068665, 0.7429999709129333, 0.7439000010490417, 0.7436000108718872], "0.4": [0.7781999707221985, 0.777999997138977, 0.7781000137329102, 0.7778000235557556, 0.7777000069618225], "0.5": [0.7918000221252441, 0.791100025177002, 0.7915999889373779, 0.7918000221252441, 0.791700005531311], "0.7": [0.8148000240325928, 0.8149999976158142, 0.8148000240325928, 0.8148999810218811, 0.8149999976158142], "0.9": [0.8166999816894531, 0.8163999915122986, 0.8166999816894531, 0.8170999884605408, 0.8167999982833862]}}, "sg": {"lerf": {"0.1": [0.5195000171661377, 0.5192999839782715, 0.5195000171661377, 0.5192999839782715, 0.5199999809265137], "0.2": [0.7050999999046326, 0.7049999833106995, 0.7050999999046326, 0.7049000263214111, 0.7045000195503235], "0.3": [0.7703999876976013, 0.7702000141143799, 0.7699999809265137, 0.7699000239372253, 0.7696999907493591], "0.4": [0.7939000129699707, 0.7939000129699707, 0.7950999736785889, 0.7942000031471252, 0.7943999767303467], "0.5": [0.8043000102043152, 0.8050000071525574, 0.8051999807357788, 0.8054999709129333, 0.8047999739646912], "0.7": [0.8169999718666077, 0.817300021648407, 0.8172000050544739, 0.8169999718666077, 0.8167999982833862], "0.9": [0.8230999708175659, 0.8228999972343445, 0.8227999806404114, 0.8227999806404114, 0.8230000138282776]}}, "sq": {"lerf": {"0.1": [0.328900009393692, 0.3285999894142151, 0.3296999931335449, 0.32850000262260437, 0.32910001277923584], "0.2": [0.49779999256134033, 0.4975000023841858, 0.49709999561309814, 0.4968999922275543, 0.49709999561309814], "0.3": [0.6122999787330627, 0.6122999787330627, 0.6129000186920166, 0.6132000088691711, 0.6128000020980835], "0.4": [0.6812999844551086, 0.6794000267982483, 0.6800000071525574, 0.6800000071525574, 0.6796000003814697], "0.5": [0.7260000109672546, 0.7253999710083008, 0.7258999943733215, 0.7253000140190125, 0.7254999876022339], "0.7": [0.771399974822998, 0.7717999815940857, 0.7709000110626221, 0.7714999914169312, 0.7716000080108643], "0.9": [0.7900000214576721, 0.7907000184059143, 0.7897999882698059, 0.7912999987602234, 0.7907000184059143]}}, "var": {"lerf": {"0.1": [0.27889999747276306, 0.2791999876499176, 0.27950000762939453, 0.27889999747276306, 0.2791999876499176], "0.2": [0.42879998683929443, 0.4291999936103821, 0.429500013589859, 0.42890000343322754, 0.4291999936103821], "0.3": [0.5544000267982483, 0.5548999905586243, 0.5543000102043152, 0.5548999905586243, 0.5544999837875366], "0.4": [0.6431999802589417, 0.6427000164985657, 0.6430000066757202, 0.6435999870300293, 0.6432999968528748], "0.5": [0.7070000171661377, 0.7067000269889832, 0.7067000269889832, 0.7063999772071838, 0.7069000005722046], "0.7": [0.7671999931335449, 0.765999972820282, 0.7674000263214111, 0.7674000263214111, 0.7670999765396118], "0.9": [0.7907999753952026, 0.7914999723434448, 0.7908999919891357, 0.7910000085830688, 0.7906000018119812]}}}}}